{"cameraMode":{"drawMode":0,"name":"Shaded","section":"Shading Mode"},"sceneLighting":true,"audioPlay":false,"sceneViewState":{"showFog":false,"showMaterialUpdate":false,"showSkybox":false,"showFlares":false,"showImageEffects":false,"showParticleSystems":false},"in2DMode":false,"pivot":{"x":11.218097686767579,"y":6.716146945953369,"z":3.7389886379241945},"rotation":{"x":-0.00039434045902453363,"y":0.9937906265258789,"z":-0.11258773505687714,"w":-0.0023516009096056225},"size":8.7098388671875,"orthographic":false}