{"cameraMode":{"drawMode":0,"name":"Shaded","section":"Shading Mode"},"sceneLighting":false,"audioPlay":false,"sceneViewState":{"showFog":false,"showMaterialUpdate":false,"showSkybox":false,"showFlares":false,"showImageEffects":false,"showParticleSystems":false},"in2DMode":false,"pivot":{"x":3.070000648498535,"y":13.76500129699707,"z":2.499999761581421},"rotation":{"x":0.14503389596939088,"y":-0.05963824316859245,"z":0.008836987428367138,"w":0.987646222114563},"size":5.248135566711426,"orthographic":false}